Plant_Name,Scientific_Name,Time_to_Flower(Days),Native_Region
Abiu,Pouteria caimito,730-1095,South America
Achiote,Bixa orellana,90-120,Central & South America
Aconite,Aconitum napellus,365-730,Europe/Asia
Acorn Squash,Cucurbita pepo var. turbinata,45-60,Central & North America
Aechmea,Aechmea spp.,365-730,Central & South America
Aeonium arboreum,Aeonium arboreum,180-365,Canary Islands
African Milk Tree,Euphorbia trigona,365-730,Central Africa
African Violet,Saintpaulia ionantha,150-180,Tanzania/East Africa
Agave,Agave spp.,3650-14600,Central America/Mexico
Air Plant,Tillandsia spp.,90-120,Central & South America
Air Potato,Dioscorea bulbifera,180-210,Africa/Asia
Ajwain,Trachyspermum ammi,90-120,India/Middle East
Alahee,Psydrax odorata,60-90,Hawaii
Albany Pitcher Plant,Cephalotus follicularis,365-730,Southwestern Australia
Alligator Pepper,Aframomum danielli,1095-1460,West Africa
Allspice,Pimenta dioica,1095-1460,Caribbean
Almond,Prunus dulcis,1460-2190,Western Asia
Alocasia,Alocasia spp.,180-365,Southeast Asia
Aloe,Aloe spp.,180-365,Africa/Madagascar
Aloe aristata,Aristaloe aristata,180-365,South Africa
Aloe Vera,Aloe vera,180-365,Arabian Peninsula
Amaranth,Amaranthus spp.,60-90,Americas
American Basswood,Tilia americana,1825-3650,Eastern North America
American Beautyberry,Callicarpa americana,365,Southeastern United States
American Beech,Fagus grandifolia,1825-3650,Eastern North America
American Elm,Ulmus americana,1825-3650,Eastern North America
American Groundnut,Apios americana,90-120,North America
American Hazelnut,Corylus americana,730-1460,Eastern North America
American Hornbeam,Carpinus caroliniana,1825-3650,Eastern North America
American Sycamore,Platanus occidentalis,1825-3650,Eastern North America
Anacharis,Elodea canadensis,30-60,South America
Anemone,Anemone spp.,60-90,Europe/Asia/North America
Angel's Trumpet,Brugmansia spp.,90-120,South America
Angelica,Angelica archangelica,365,Northern Europe/Asia
Anise,Pimpinella anisum,120,East Mediterranean
Anise Hyssop,Agastache foeniculum,60-90,North America
Annatto,Bixa orellana,90-120,Central & South America
Anthurium,Anthurium andraeanum,180-270,Central & South America
Apios,Apios americana,90-120,North America
Apple,Malus domestica,1460-2190,Central Asia
Apricot,Prunus armeniaca,1095-1460,China/Central Asia
Aptenia,Aptenia cordifolia,90-120,Southern Africa
Areca Palm,Dypsis lutescens,1825-2920,Philippines/Malaysia
Arizona Walnut,Juglans major,1825-3650,Southwestern US/Mexico
Arracacha,Arracacia xanthorrhiza,180-210,South America
Arrowhead,Sagittaria latifolia,60-120,North & Central America
Arrowhead Vine,Syngonium podophyllum,120,Central & South America
Arrowroot,Maranta arundinacea,180-270,Central/South America
Arrowwood Viburnum,Viburnum dentatum,90-120,North America
Artichoke,Cynara scolymus,150-180,Mediterranean
Arugula,Eruca vesicaria,40-60,Mediterranean
Ash Meadows Gumplant,Grindelia fraxino-pratensis,60-90,Nevada
Asian Pear,Pyrus pyrifolia,730-1460,East Asia
Asparagus,Asparagus officinalis,730-1095,Europe/Western Asia
Asparagus Pea,Tetragonolobus purpureus,60-70,Mediterranean
Aster,Aster spp.,60-120,Europe/Asia/North America
Astilbe,Astilbe spp.,90-120,Asia/North America
Attenborough’s Pitcher Plant,Nepenthes attenboroughii,1460-2190,Philippines
Australian Sundew,Drosera binata,365-730,Australia
Autumn Crocus,Colchicum autumnale,180-365,Europe/North Africa/Asia
Avocado,Persea americana,730-1095,Central America
Azalea,Rhododendron spp.,365-730,Asia/Europe/North America
Azolla,Azolla filiculoides,30-60,Americas
Baby's Breath,Gypsophila paniculata,60-90,Eastern Europe/Asia
Bachelor’s Button,Centaurea cyanus,60-90,Europe
Bacopa,Bacopa monnieri,60-90,South America
Bael,Aegle marmelos,1460-2190,India/Southeast Asia
Bald Cypress,Taxodium distichum,1825-3650,Southeastern United States
Baldwin’s Eryngo,Eryngium baldwinii,60-90,Florida
Balloon Flower,Platycodon grandiflorus,90-120,East Asia
Bamboo Shoot,Bambusa spp.,60-90,East Asia
Bamboo Shoots,Bambusa spp.,30-60,Asia
Baneberry,Actaea spp.,365,North America/Eurasia
Barrel Cactus,Ferocactus spp.,1825-3650,Southwestern US/Mexico
Bartram’s Ixia,Calydorea caelestina,60-90,Florida
Basil,Ocimum basilicum,60-90,India/Asia
Basil (Holy),Ocimum tenuiflorum,60-90,India/Southeast Asia
Batata,Ipomoea batatas,90-120,South America
Bay Laurel,Laurus nobilis,365-730,Mediterranean
Beaked Hazelnut,Corylus cornuta,365-730,North America
Bear Paw,Cotyledon tomentosa,180-365,South Africa
Bee Balm,Monarda didyma,70-110,Eastern North America
Beet,Beta vulgaris,55-70,Europe/Western Asia
Begonia,Begonia spp.,60-90,Tropics (Americas/Africa/Asia)
Begonia rex,Begonia rex,60-90,Assam/India
Belgian Endive,Cichorium intybus var. foliosum,85-100,Belgium/Western Europe
Bell Pepper,Capsicum annuum,60-90,Central & South America
Belladonna Lily,Amaryllis belladonna,90-120,South Africa
Bermudagrass,Cynodon dactylon,60-90,Africa
Big Bluestem,Andropogon gerardii,365-730,North America
Bigtooth Aspen,Populus grandidentata,1825-3650,North America
Bird of Paradise,Strelitzia reginae,1095-1825,South Africa
Bird's Nest Fern,Asplenium nidus,180-365,Southeast Asia
Bishop’s Cap,Astrophytum myriostigma,365-730,Northern Mexico/Texas
Bitter Melon,Momordica charantia,60-80,South Asia
Bittersweet,Solanum dulcamara,365-730,North America/Eurasia
Bittersweet Vine,Celastrus scandens,365-730,North America/Eurasia
Black Ash,Fraxinus nigra,1825-3650,Northern North America
Black Bean,Phaseolus vulgaris,90-100,Central & South America
Black Cherry,Prunus serotina,730-1460,Eastern North America
Black Chokeberry,Aronia melanocarpa,730-1460,Eastern North America
Black Gum,Nyssa sylvatica,1825-3650,Eastern North America
Black Locust,Robinia pseudoacacia,1825-3650,North America
Black Mustard,Brassica nigra,365-730,Europe/Asia
Black Nightshade,Solanum nigrum,60-90,Europe/Asia
Black Pepper,Piper nigrum,1095-1460,India
Black Salsify,Scorzonera hispanica,120-150,Southern Europe
Black Sapote,Diospyros digyna,730-1095,Central America
Black Spruce,Picea mariana,1825-3650,Northern North America
Black Walnut,Juglans nigra,1825-3650,Eastern North America
Black-eyed Susan,Rudbeckia hirta,70-90,North America
Black-eyed Susan Vine,Thunbergia alata,60-90,Eastern Africa
Blackberry,Rubus fruticosus,365-730,Europe/North America
Blackcurrant,Ribes nigrum,365-730,Northern Europe/Asia
Bladderwort,Utricularia vulgaris,30-90,Worldwide (aquatic/wetland areas)
Blanket Flower,Gaillardia pulchella,70-100,Americas
Blazing Star,Liatris spicata,365-730,Central United States
Bleeding Heart,Lamprocapnos spectabilis,60-90,Asia/North America
Bloodroot,Sanguinaria canadensis,365,Eastern North America
Blue Chalksticks,Senecio serpens,120-180,South Africa
Blue Cohosh,Caulophyllum thalictroides,365,North America
Blue False Indigo,Baptisia australis,1460,Central/Eastern North America
Blue Fescue,Festuca glauca,365-730,Europe
Blue Flag Iris,Iris versicolor,365,North America
Blue Grama,Bouteloua gracilis,365-730,North America
Blue-eyed Grass,Sisyrinchium angustifolium,60-90,North America
Bluebell,Hyacinthoides non-scripta,60-90,Europe/Asia
Blueberry,Vaccinium corymbosum,730-1095,North America
Bog Bean,Menyanthes trifoliata,60-90,Northern Hemisphere (various)
Boneset,Eupatorium perfoliatum,365-730,North America
Boniato,Ipomoea batatas,90-120,South America
Borage,Borago officinalis,50-70,Mediterranean
Boston Fern,Nephrolepis exaltata,180-270,Americas
Boston Ivy,Parthenocissus tricuspidata,730,East Asia
Bottle Palm,Hyophorbe lagenicaulis,1460-1825,Mascarene Islands
Bottlebrush Grass,Elymus hystrix,730,North America
Bougainvillea,Bougainvillea glabra,90-120,South America
Boxelder,Acer negundo,1825-3650,North America
Boxwood,Buxus sempervirens,1460,Europe/Asia/Africa
Boysenberry,Rubus ursinus × Rubus idaeus,365-730,California (cultivar)
Bracken Fern,Pteridium aquilinum,180-365,Worldwide (various)
Brazil Nut,Bertholletia excelsa,2190-2920,South America
Breadfruit,Artocarpus altilis,1095-1460,New Guinea/Southeast Asia
Breadnut,Brosimum alicastrum,1095-1460,Central America
Broad Bean,Vicia faba,80-100,Mediterranean/Western Asia
Broccoli,Brassica oleracea var. italica,65-70,Mediterranean
Brodiaea,Brodiaea spp.,90-120,Western North America
Bromeliad,Bromeliaceae spp.,90-120,Central & South America
Brown Mustard,Brassica juncea,365-730,Asia
Brunnera,Brunnera macrophylla,90-120,Eastern Europe/Asia
Brussels Sprouts,Brassica oleracea var. gemmifera,90-100,Northern Europe
Buckeye,Aesculus glabra,1825-3650,North America
Buffalograss,Buchloe dactyloides,365-730,North America
Bulrush,Schoenoplectus spp.,60-120,Worldwide (various)
Bun Long Taro,Colocasia esculenta,180-210,Asia
Bunya Bunya,Araucaria bidwillii,4380-10950,Eastern Australia
Bur Oak,Quercus macrocarpa,1825-3650,North America
Bur-reed,Sparganium erectum,90-120,Northern Hemisphere (various)
Burdock,Arctium lappa,60-90,Europe/Asia
Burro’s Tail,Sedum morganianum,365,Mexico/Honduras
Buttercup,Ranunculus spp.,60-90,Europe/Asia/North America
Butterfly Bush,Buddleja davidii,60-120,China
Butterfly Weed,Asclepias tuberosa,365,North America
Butternut,Juglans cinerea,1825-3650,Eastern North America
Butternut Squash,Cucurbita moschata,80-100,Central & North America
Butterwort,Pinguicula vulgaris,365-730,Europe/Asia/North America
Buttonbush,Cephalanthus occidentalis,730,Eastern North America
Cabbage,Brassica oleracea var. capitata,65-100,Europe
Cabomba,Cabomba caroliniana,60-90,Americas
Cacao,Theobroma cacao,1095-1460,Central/South America
Caladium,Caladium bicolor,70-90,South America
Calathea,Calathea spp.,60-120,South America
Calendula,Calendula officinalis,40-60,Southern Europe
Calla Lily,Zantedeschia aethiopica,90-120,Africa
Camassia,Camassia quamash,90-120,Western North America
Canada Anemone,Anemone canadensis,60-90,North America
Canada Wild Rye,Elymus canadensis,90-120,North America
Canby’s Dropwort,Oxypolis canbyi,60-90,Southeastern United States
Candelabra Cactus,Echinopsis pachanoi,365-730,South America
Candytuft,Iberis sempervirens,50-70,Southern Europe
Canistel,Pouteria campechiana,730-1095,Central America
Canna,Canna indica,90-120,Americas (Southern US to Argentina)
Cantaloupe,Cucumis melo var. cantalupensis,70-100,Africa/Southwest Asia
Cape Sundew,Drosera capensis,365-730,South Africa
Caraway,Carum carvi,70-90,Europe/Western Asia
Cardamom,Elettaria cardamomum,1095-1460,India/Sri Lanka
Cardinal Flower,Lobelia cardinalis,365-730,North America
Cardoon,Cynara cardunculus,120-150,Mediterranean
Carnation,Dianthus caryophyllus,120-150,Southern Europe
Carolina Jessamine,Gelsemium sempervirens,90-120,Southeastern United States
Carpathian Walnut,Juglans regia,1825-3650,Eastern Europe/Asia
Carrot,Daucus carota,60-80,Europe/Southwest Asia
Cassava,Manihot esculenta,210-270,South America
Cast Iron Plant,Aspidistra elatior,730-1095,Japan/Taiwan
Castor Bean Plant,Ricinus communis,60-90,Northeastern Africa
Castor Oil Plant,Ricinus communis,60-90,Africa
Catalpa,Catalpa speciosa,1825-3650,North America/Asia
Catnip,Nepeta cataria,60-90,Europe/Asia
Cattail,Typha latifolia,60-120,Northern Hemisphere
Cauliflower,Brassica oleracea var. botrytis,60-100,Mediterranean
Cayenne Pepper,Capsicum annuum,60-120,Central/South America
Cedar,Cedrus spp.,1825-3650,Europe/Asia/North America
Celandine,Chelidonium majus,60-90,Europe/Asia
Celandine Poppy,Stylophorum diphyllum,60-90,North America
Celeriac,Apium graveolens var. rapaceum,90-120,Mediterranean/Europe
Celery,Apium graveolens,85-120,Mediterranean
Celery Seed,Apium graveolens,90-120,Mediterranean/Europe
Celtuce,Lactuca sativa var. asparagina,70-90,China
Cereus,Cereus spp.,730-3650,Central & South America
Chamomile,Matricaria chamomilla,60,Europe/Western Asia
Chamomile (German),Matricaria chamomilla,60,Europe/Western Asia
Chard,Beta vulgaris subsp. cicla,50-60,Mediterranean
Chayote,Sechium edule,120-150,Central America
Cherimoya,Annona cherimola,730-1095,South America
Cherry,Prunus avium,1095-1825,Europe/Asia
Cherry Laurel,Prunus laurocerasus,365-730,Europe/Asia
Chervil,Anthriscus cerefolium,40-60,Europe/Western Asia
Chestnut,Castanea dentata,1460-2190,Northern Hemisphere (various)
Chestnut Oak,Quercus montana,1825-3650,Eastern United States
Chickpea,Cicer arietinum,90-100,Middle East/Asia
Chicory,Cichorium intybus,60-85,Europe/Mediterranean
Chicory (Witloof),Cichorium intybus var. foliosum,80-100,Europe
Chilean Hazelnut,Gevuina avellana,1460-2190,Chile/Argentina
Chili Pepper,Capsicum annuum,60-120,Central/South America
Chinaberry,Melia azedarach,365-730,Asia/Australia
Chinese Artichoke,Stachys affinis,60-90,China
Chinese Broccoli,Brassica oleracea var. alboglabra,50-60,China
Chinese Cabbage,Brassica rapa subsp. pekinensis,60-80,China
Chinese Chestnut,Castanea mollissima,1460-2190,China
Chinese Evergreen,Aglaonema commutatum,730-1095,Southeast Asia
Chinese Fan Palm,Livistona chinensis,730-1460,China/Taiwan
Chinese Mustard,Brassica juncea,45-60,China
Chinese Water Chestnut,Eleocharis dulcis,90-120,Asia
Chinese Yam,Dioscorea polystachya,180-210,China
Chinkapin Oak,Quercus muehlenbergii,1825-3650,Central/Eastern United States
Chives,Allium schoenoprasum,60-90,Europe/Asia
Cholla,Cylindropuntia spp.,365-730,Southwestern US/Mexico
Christmas Cactus,Schlumbergera bridgesii,90-180,Brazil
Christmas Rose,Helleborus niger,90-120,Europe/Asia
Chufa,Cyperus esculentus,120-150,Mediterranean/Africa
Chufa (Tiger Nut),Cyperus esculentus,120-150,Mediterranean/Africa
Cilantro,Coriandrum sativum,45-70,Mediterranean/South Europe
Cilantro (Coriander),Coriandrum sativum,45-70,Mediterranean/Southern Europe
Cinnamon,Cinnamomum verum,1095-1460,Sri Lanka/India
Clarkia,Clarkia amoena,60-90,Western North America
Clematis,Clematis spp.,365-730,Europe/Asia/North America
Climbing Hydrangea,Hydrangea anomala subsp. petiolaris,365-730,Asia
Climbing Lily,Gloriosa superba,90-120,Africa/Asia
Cloudberry,Rubus chamaemorus,365-730,Northern Europe/Asia/North America
Clove,Syzygium aromaticum,1825-2190,Maluku Islands (Indonesia)
Cobra Lily,Darlingtonia californica,730-1095,California/Oregon (USA)
Coleus,Plectranthus scutellarioides,60-90,Southeast Asia
Collard Greens,Brassica oleracea var. viridis,60-85,Eastern Mediterranean
Columbine,Aquilegia canadensis,60-90,Europe/North America
Comfrey,Symphytum officinale,60-90,Europe/Asia
Common Milkweed,Asclepias syriaca,365,North America
Common Persimmon,Diospyros virginiana,1825-2920,Eastern United States
Common Reed,Phragmites australis,365-730,Northern Hemisphere
Common Witchhazel,Hamamelis virginiana,365-730,North America
Coneflower,Echinacea purpurea,365-730,North America
Coral Bells,Heuchera americana,60-90,North America
Coral Tree,Erythrina crista-galli,60-90,South America
Coralberry,Symphoricarpos orbiculatus,365-730,North America
Coreopsis,Coreopsis tinctoria,70-100,North & South America
Coriander,Coriandrum sativum,60-90,Mediterranean/Southern Europe
Corn Plant,Dracaena fragrans,730-1460,Africa
Coryphantha ramillosa,Coryphantha ramillosa,60-90,Texas
Cosmos,Cosmos bipinnatus,60-90,Mexico/Central America
Costmary,Tanacetum balsamita,60-90,Eurasia
Cottonwood,Populus deltoides,1825-3650,North America
Crabapple,Malus spp.,730-1460,Europe/Asia/North America
Cress,Lepidium sativum,30-60,Europe/Asia
Crinum Lily,Crinum americanum,180-365,Africa/Asia
Crocus,Crocus spp.,90-120,Europe/Asia/North Africa
Crosne,Stachys affinis,60-90,China
Croton,Codiaeum variegatum,180-365,India/Malaysia/South Pacific
Crown Imperial,Fritillaria imperialis,90-120,Western Asia
Crown of Thorns,Euphorbia milii,180-365,Madagascar
Crown-of-Thorns,Euphorbia milii,180-365,Madagascar
Cuban Oregano,Plectranthus amboinicus,60-90,Africa/India
Cubeb Pepper,Piper cubeba,1095-1460,Java/Indonesia
Cucumber,Cucumis sativus,50-70,South Asia
Culantro,Eryngium foetidum,60-90,Central/South America
Culver’s Root,Veronicastrum virginicum,365-730,North America
Cumberland Rosemary,Conradina verticillata,60-90,Kentucky/Tennessee
Cumin,Cuminum cyminum,100-120,East Mediterranean to India
Cupuacu,Theobroma grandiflorum,730-1095,Amazon Basin
Currant,Ribes rubrum,365-730,Northern Europe/Asia
Custard Apple,Annona reticulata,730-1095,South America
Cypress,Cupressus spp.,1825-3650,Northern Hemisphere (various)
Cypress Vine,Ipomoea quamoclit,60-90,Central & South America
Daffodil,Narcissus pseudonarcissus,180-365,Europe/North Africa
Dahlia,Dahlia pinnata,90-120,Central America/Mexico
Daikon,Raphanus sativus var. longipinnatus,55-70,East Asia
Dandelion,Taraxacum officinale,60-120,Eurasia/North America
Daphne,Daphne mezereum,365-730,Europe/Asia
Date Palm,Phoenix dactylifera,1460-2190,Middle East/North Africa
Daylily,Hemerocallis spp.,90-120,Asia
Deadly Nightshade,Atropa belladonna,60-90,Europe/North Africa/West Asia
Delphinium,Delphinium spp.,90-120,Northern Hemisphere
Devil’s Ivy,Epipremnum aureum,180-365,Mo'orea/French Polynesia
Dieffenbachia,Dieffenbachia seguine,180-365,Tropical Americas
Dill,Anethum graveolens,40-60,Southwest Asia
Dogbane,Apocynum cannabinum,60-90,North America
Dogwood,Cornus florida,730-1095,Europe/Asia/North America
Doll’s Eyes,Actaea pachypoda,365,North America
Donkey Ear,Kalanchoe gastonis-bonnieri,180-365,Madagascar
Downy Serviceberry,Amelanchier arborea,365-730,North America
Dracaena,Dracaena spp.,365-730,Africa/South Asia
Dragon Tree,Dracaena draco,365-730,Canary Islands/Madeira
Duckweed,Lemna minor,14-21,Worldwide (various)
Dudleya,Dudleya spp.,180-365,Western North America
Dumb Cane,Dieffenbachia seguine,180-365,Tropical Americas
Dusty Miller,Jacobaea maritima,60-90,Mediterranean
Dutchman’s Breeches,Dicentra cucullaria,60-90,North America
Dutchman's Pipe,Aristolochia macrophylla,365-730,Americas
Dwarf Bear-poppy,Arctomecon humilis,60-90,Utah
Dwarf Fothergilla,Fothergilla gardenii,365-730,Southeastern United States
Dwarf Lake Iris,Iris lacustris,60-90,Great Lakes Region
Dwarf Wedgemussel,Alasmidonta heterodon,60-90,Eastern United States
Earthnut Pea,Lathyrus tuberosus,90-120,Europe/Asia
Easter Cactus,Hatiora gaertneri,90-120,Brazil
Easter Lily Cactus,Echinopsis oxygona,180-365,South America
Eastern Hemlock,Tsuga canadensis,1825-3650,Eastern North America
Eastern Redbud,Cercis canadensis,1460-2190,Eastern North America
Eastern White Pine,Pinus strobus,1825-3650,Eastern North America
Echeveria,Echeveria spp.,120-180,Central America/Mexico
Echinacea,Echinacea purpurea,365-730,Central & Eastern North America
Edamame,Glycine max,70-120,East Asia
Edible Canna,Canna indica,180-240,South America
Eggplant,Solanum melongena,60-80,India/Southeast Asia
Elderberry,Sambucus canadensis,730-1095,Europe/Americas
Elderberry (Red),Sambucus racemosa,730-1095,North America/Asia
Elephant Bush,Portulacaria afra,180-365,South Africa
Elephant Foot Yam,Amorphophallus paeoniifolius,180-240,Asia
Elephant Garlic,Allium ampeloprasum var. ampeloprasum,180-210,Europe
Elodea,Elodea canadensis,30-60,Americas
Endive,Cichorium endivia,85-100,Mediterranean
English Ivy,Hedera helix,365-730,Europe/Western Asia
English Walnut,Juglans regia,1825-3650,Eurasia
English Yew,Taxus baccata,1825-3650,Europe/Asia/North Africa
Epazote,Dysphania ambrosioides,60-90,Central America
Escarole,Cichorium endivia var. latifolium,85-100,Mediterranean
Etonia Rosemary,Conradina etonia,60-90,Florida
Euphorbia obesa,Euphorbia obesa,365-730,South Africa
European Chestnut,Castanea sativa,1460-2190,Europe
Evening Primrose,Oenothera biennis,60-120,Americas
Fairy Castle Cactus,Acanthocereus tetragonus,365-730,Mexico
False Hellebore,Veratrum viride,365,North America/Asia/Europe
False Indigo,Baptisia australis,1460,Central/Eastern North America
False Solomon’s Seal,Smilacina racemosa,365-730,North America/Asia
Fanwort,Cabomba caroliniana,30-60,Americas
Fava Bean,Vicia faba,75-90,Mediterranean
Feather Reed Grass,Calamagrostis x acutiflora,365-730,Europe/Asia
Feijoa (Pineapple Guava),Acca sellowiana,730-1095,South America
Fennel,Foeniculum vulgare,90-115,Mediterranean
Fenugreek,Trigonella foenum-graecum,60-90,Mediterranean/South Asia
Ferns (various),,180-365,Worldwide (various)
Feverfew,Tanacetum parthenium,60-90,Europe
Fiddle Leaf Fig,Ficus lyrata,730-1095,Western Africa
Fiddlehead Fern,Matteuccia struthiopteris,180-365,Northern Hemisphere (various)
Fig,Ficus carica,365-730,Western Asia/Mediterranean
Fingerroot,Boesenbergia rotunda,180-240,Southeast Asia
Fir,Abies spp.,1825-3650,Northern Hemisphere (various)
Firethorn,Pyracantha coccinea,90-120,Southern Europe/Asia
Fishhook Barrel Cactus,Ferocactus wislizeni,1825-3650,Southwestern US/Mexico
Floating Heart,Nymphoides peltata,60-90,Europe/Asia/Africa
Florence Fennel,Foeniculum vulgare,90-115,Mediterranean
Florida Torreya,Torreya taxifolia,60-90,Florida
Florida Ziziphus,Ziziphus celata,60-90,Florida
Flowering Dogwood,Cornus florida,730-1095,Eastern North America
Fool’s Parsley,Aethusa cynapium,60-90,Europe/Western Asia
Forget-me-not,Myosotis sylvatica,60-90,Europe/Asia
Forsythia,Forsythia × intermedia,365-730,Eastern Asia
Fountain Grass,Pennisetum alopecuroides,365-730,Africa
Four O'Clock,Mirabilis jalapa,60-90,South America
Four O’Clock,Mirabilis jalapa,60-90,South America
Foxglove,Digitalis purpurea,365-730,Europe
Fragrant Sumac,Rhus aromatica,365-730,North America
Fringed Campion,Silene polypetala,60-90,Eastern United States
Fritillaria,Fritillaria meleagris,90-120,Eurasia
Frogbit,Hydrocharis morsus-ranae,30-60,Europe/Asia
Gaillardia,Gaillardia pulchella,70-100,North & South America
Galangal,Alpinia galanga,365-730,Southeast Asia
Garden Cress,Lepidium sativum,20-30,Western Asia
Garden Phlox,Phlox paniculata,60-90,North America
Garlic,Allium sativum,90-120,Central Asia
Gasteria,Gasteria spp.,180-365,South Africa
Gaura,Oenothera lindheimeri,60-90,North America
Georgia Aster,Symphyotrichum georgianum,60-90,Georgia
Georgia Rockcress,Arabis georgiana,60-90,Georgia
Geranium,Geranium spp.,60-90,Europe/Asia/North America
Ghost Plant,Graptopetalum paraguayense,180-365,Mexico
Ginger,Zingiber officinale,365-730,Southeast Asia
Ginkgo,Ginkgo biloba,1825-3650,China
Globe Thistle,Echinops ritro,90-120,Europe/Asia
Glory Lily,Gloriosa superba,90-120,Africa/Asia
Gloxinia,Sinningia speciosa,60-90,Brazil
Goat’s Beard,Aruncus dioicus,60-90,Europe/Asia/North America
Gobo (Burdock Root),Arctium lappa,90-120,East Asia
Goji Berry,Lycium barbarum,365-730,Asia
Golden Alexander,Zizia aurea,60-90,Eastern North America
Golden Beet,Beta vulgaris,55-70,Europe/Western Asia
Golden Chain Tree,Laburnum anagyroides,365-730,Europe
Golden Club,Orontium aquaticum,60-90,Eastern United States
Golden Paintbrush,Castilleja levisecta,60-90,Pacific Northwest
Golden Ragwort,Packera aurea,60-90,North America
Goldenrod,Solidago canadensis,60-90,North America
Gooseberry,Ribes uva-crispa,365-730,Europe/Asia/North America
Grains of Paradise,Aframomum melegueta,1095-1460,West Africa
Grape,Vitis vinifera,730-1095,Near East/Central Asia
Grape Ivy,Parthenocissus tricuspidata,365-730,Central/South America
Graptopetalum paraguayense,Graptopetalum paraguayense,180-365,Northeast Mexico
Great Blue Lobelia,Lobelia siphilitica,365-730,North America
Greater Bladderwort,Utricularia vulgaris,30-90,Worldwide (aquatic/wetland areas)
Green Bean,Phaseolus vulgaris,50-60,Central/South America
Green Pitcher Plant,Sarracenia oreophila,730-1460,Southeastern United States
Ground Cherry,Physalis pruinosa,70-80,Americas
Groundnut,Apios americana,90-120,North America
Guava,Psidium guajava,730-1095,Central & South America
Habañero,Capsicum chinense,60-120,Central America
Hackberry,Celtis occidentalis,1825-3650,North America/Asia
Hamburg Parsley,Petroselinum crispum var. tuberosum,90-120,Europe
Hardy Kiwi,Actinidia arguta,1095-1460,East Asia
Harper's Beauty,Harperocallis flava,60-90,Florida
Harperella,Ptilimnium nodosum,60-90,Southeastern United States
Hawaiian Hibiscus,Hibiscus arnottianus,60-90,Hawaii
Haworthia,Haworthia spp.,180-365,South Africa
Heartleaf Philodendron,Philodendron hederaceum,180-365,Central America/Caribbean
Heartnut,Juglans ailantifolia var. cordiformis,1460-2190,Japan
Hedgehog Cactus,Echinocereus spp.,365-730,Southwestern US/Mexico
Hellebore,Helleborus orientalis,365-730,Europe/Asia
Hens and Chicks,Sempervivum tectorum,90-180,Europe
Hibiscus,Hibiscus rosa-sinensis,90-120,Asia
Hickory,Carya spp.,1825-3650,North America/Asia
Holly,Ilex aquifolium,1825-3650,Europe/Asia/North America
Hollyhock,Alcea rosea,90-120,Asia/Europe
Honey Locust,Gleditsia triacanthos,1825-3650,Central North America
Honeydew,Cucumis melo,80-100,West Africa
Honeysuckle Vine,Lonicera spp.,365-730,Northern Hemisphere (various)
Hophornbeam,Ostrya virginiana,1825-3650,North America/Eurasia
Horehound,Marrubium vulgare,60-90,Europe/Asia/North Africa
Hornwort,Ceratophyllum demersum,21-30,Worldwide (various)
Horse Chestnut,Aesculus hippocastanum,1825-3650,Southeast Europe
Horseradish,Armoracia rusticana,365-730,Europe/Western Asia
Horsetail,Equisetum arvense,60-120,Worldwide (various)
Hosta,Hosta spp.,180-365,East Asia
Houghton’s Goldenrod,Solidago houghtonii,60-90,Great Lakes Region
Huckleberry,Gaylussacia spp.,730-1095,North America
Hyacinth,Hyacinthus orientalis,90-120,Eastern Mediterranean
Hydrangea,Hydrangea macrophylla,365-730,Asia/Americas
Hyssop,Hyssopus officinalis,70-90,Southern Europe
Ice Plant,Delosperma cooperi,60-90,Southern Africa
Impatiens,Impatiens walleriana,60-90,East Africa
Indian Grass,Sorghastrum nutans,365-730,North America
Indian Jujube,Ziziphus mauritiana,365-730,South Asia
Indian Lotus,Nelumbo nucifera,90-120,Asia
Indian Pink,Spigelia marilandica,60-90,North America
Indian Potato,Apios americana,120-180,North America
Inkberry,Ilex glabra,365-730,North America
Iris,Iris germanica,90-120,Northern Hemisphere (various)
Ironweed,Vernonia noveboracensis,60-120,North America
Ironwood,Olneya tesota,1825-3650,North America
Jaboticaba,Plinia cauliflora,730-1095,Brazil
Jack-in-the-pulpit,Arisaema triphyllum,365-730,Eastern North America
Jackfruit,Artocarpus heterophyllus,1460-2190,South Asia
Jacob’s Ladder,Polemonium caeruleum,60-90,Europe/Asia/North America
Jade Plant,Crassula ovata,180-365,South Africa
Jalapeño,Capsicum annuum,60-80,Mexico
Japanese Forest Grass,Hakonechloa macra,365-730,Japan
Japanese Walnut,Juglans ailantifolia,1825-3650,Japan
Japanese Yew,Taxus cuspidata,1825-3650,Japan/Asia
Java Moss,Vesicularia dubyana,21-30,Southeast Asia
Jerusalem Artichoke,Helianthus tuberosus,120-150,North America
Jerusalem Cherry,Solanum pseudocapsicum,60-90,South America
Jessamine,Gelsemium sempervirens,90-120,Europe/Asia
Jesup’s Milkvetch,Astragalus robbinsii var. jesupii,60-90,Northeastern United States
Jicama,Pachyrhizus erosus,150-180,Central America
Jícama,Pachyrhizus erosus,150-180,Central America
Jimsonweed,Datura stramonium,60-90,Central America
Joe-Pye Weed,Eutrochium purpureum,60-120,North America
Jujube,Ziziphus jujuba,365-730,China
Juniper,Juniperus communis,1825-3650,Northern Hemisphere (various)
Kaffir Lime,Citrus hystrix,1095-1460,Southeast Asia
Kalanchoe,Kalanchoe blossfeldiana,90-120,Madagascar/Africa
Kale,Brassica oleracea var. sabellica,50-70,Eastern Mediterranean/Asia Minor
Kalmia,Kalmia latifolia,365-730,North America
Kankakee Globe Mallow,Iliamna remota,60-90,Illinois
Kankakee Mallow,Iliamna remota,60-90,Illinois
Kauaʻi Geranium,Geranium kauaiense,60-90,Hawaii
Kentia Palm,Howea forsteriana,1825-2920,Lord Howe Island
Kentucky Coffeetree,Gymnocladus dioicus,1825-3650,Central/Eastern US
King Sundew,Drosera regia,365-730,South Africa
Kiwi,Actinidia deliciosa,1095-1460,China
Kohlrabi,Brassica oleracea var. gongylodes,50-70,Northern Europe
Komatsuna,Brassica rapa var. perviridis,30-40,East Asia
Konjac,Amorphophallus konjac,180-210,Asia
Korean Pine,Pinus koraiensis,1460-2190,Korea/Northeast China
Laburnum,Laburnum anagyroides,365-730,Europe
Lace Fern,Asparagus setaceus,180-365,South Africa
Lady Palm,Rhapis excelsa,1825-2920,Southeast China
Lakeside Daisy,Tetraneuris herbacea,60-90,Great Lakes Region
Lakeside Sedge,Carex lacustris,60-90,Great Lakes Region
Lamb's Lettuce,Valerianella locusta,50-60,Europe/North Africa/West Asia
Langsat,Lansium parasiticum,730-1095,Southeast Asia
Lantana,Lantana camara,90-120,Central/South America
Large-flowered Skullcap,Scutellaria montana,60-90,Eastern United States
Larkspur,Delphinium spp.,90-120,Northern Hemisphere
Laurel,Laurus nobilis,365-730,Europe/Asia
Lavender,Lavandula angustifolia,90-120,Mediterranean
Leadplant,Amorpha canescens,730-1095,North America
Leek,Allium ampeloprasum,120-150,Central Asia
Lemon Balm,Melissa officinalis,60-90,Southern Europe
Lemon Verbena,Aloysia citrodora,90-120,South America
Lentil,Lens culinaris,80-100,Mediterranean/West Asia
Leren,Calathea allouia,90-120,Central America
Lettuce,Lactuca sativa,45-60,Mediterranean
Lilac,Syringa vulgaris,365-730,Europe/Asia
Lily,Lilium spp.,90-120,Northern Hemisphere (various)
Lily of the Valley,Convallaria majalis,365,Europe/Asia
Lily-of-the-Valley,Convallaria majalis,365,Europe/Asia
Lima Bean,Phaseolus lunatus,80-95,Central/South America
Lingonberry,Vaccinium vitis-idaea,730-1095,Northern Europe/Asia/North America
Lithops,Lithops spp.,365-730,Southern Africa
Little Bluestem,Schizachyrium scoparium,365-730,North America
Little Walnut,Juglans microcarpa,1825-3650,Southwestern US/Mexico
Lizard's Tail,Saururus cernuus,60-90,Eastern North America
Loblolly Pine,Pinus taeda,1825-3650,Southeastern United States
Locoweed,Astragalus spp.,60-90,North America
Loganberry,Rubus × loganobaccus,365-730,North America (hybrid origin)
Long Pepper,Piper longum,1095-1460,India/Indonesia
Longan,Dimocarpus longan,1095-1460,Southeast Asia
Loquat,Eriobotrya japonica,365-730,China
Lords-and-Ladies,Arum maculatum,90-120,Europe
Lotus,Nelumbo nucifera,90-120,Asia/Australia
Lotus Root,Nelumbo nucifera,120-150,Asia
Lovage,Levisticum officinale,90-120,Southern Europe
Lovage Seed,Levisticum officinale,90-120,Southern Europe
Love-in-a-Mist,Nigella damascena,60-90,Europe/Asia
Lucky Bamboo,Dracaena sanderiana,180-365,Africa
Lucuma,Pouteria lucuma,1095-1460,South America
Ludwigia,Ludwigia palustris,60-90,Americas
Lupin Root,Lupinus spp.,90-120,Europe
Lupine,Lupinus spp.,60-90,Northern Hemisphere (various)
Lychee,Litchi chinensis,1095-1460,China/Southeast Asia
Maca,Lepidium meyenii,180-210,Andes/South America
Macadamia,Macadamia integrifolia,1460-2190,Eastern Australia
Mace,Myristica fragrans,1825-2190,Maluku Islands (Indonesia)
Madagascar Dragon Tree,Dracaena marginata,365-730,Madagascar
Magnolia,Magnolia grandiflora,1825-3650,East/Southeast Asia/North America
Mahlab,Prunus mahaleb,1460-2190,Eastern Mediterranean
Maidenhair Fern,Adiantum spp.,180-365,Worldwide (various)
Malabar Chestnut,Pachira aquatica,1460-2190,Central/South America
Malabar Spinach,Basella alba,30-60,South Asia
Malanga,Xanthosoma sagittifolium,210-240,South America
Mandrake,Mandragora officinarum,365-730,Europe/Mediterranean
Mango,Mangifera indica,1460-2190,South Asia
Mangosteen,Garcinia mangostana,1460-2190,Southeast Asia
Manioc,Manihot esculenta,210-270,South America
Maple,Acer spp.,1825-3650,Northern Hemisphere (various)
Marama Bean,Tylosema esculentum,120-180,Southern Africa
Marigold,Tagetes spp.,50-60,Mexico/Central America
Marimo,Aegagropila linnaei,365-730,Northern Hemisphere (lakes)
Marionberry,Rubus × 'Marion',365-730,Oregon (cultivar)
Marjoram,Origanum majorana,60-90,Mediterranean
Marsh Marigold,Caltha palustris,60-90,Northern Hemisphere (various)
Mashua,Tropaeolum tuberosum,120-150,Andes/South America
Mastic,Pistacia lentiscus,1460-2190,Greek Islands
Mauka,Mirabilis expansa,180-210,South America
Mayapple,Podophyllum peltatum,365-730,Eastern North America
Meadow Garlic,Allium canadense,60-90,North America
Meadow Rue,Thalictrum spp.,60-120,Europe/Asia/North America
Medlar,Mespilus germanica,730-1095,Southwest Asia/Europe
Melegueta Pepper,Aframomum melegueta,1095-1460,West Africa
Menzies' Wallflower,Erysimum menziesii,60-90,California
Mexican Butterwort,Pinguicula moranensis,365-730,Mexico/Central America
Milkweed,Asclepias spp.,365,North America/Africa
Mint,Mentha spp.,60-90,Europe/Asia/Africa
Missouri Bladderpod,Physaria filiformis,60-90,Missouri
Mistletoe,Viscum album,365-730,Europe/Asia/North America
Mizuna,Brassica rapa var. nipposinica,30-40,East Asia
Mock Orange,Philadelphus coronarius,730-1460,Europe/Asia/North America
Mockernut Hickory,Carya tomentosa,1825-3650,Eastern United States
Monkey Cup,Nepenthes spp.,730-1460,Southeast Asia (Borneo/Sumatra/etc.)
Monkey Flower,Mimulus guttatus,60-90,North America
Monkey Puzzle,Araucaria araucana,4380-10950,Chile/Argentina
Monkshood,Aconitum napellus,365-730,Europe/Asia/North America
Monodora,Monodora myristica,1460-2190,Central/West Africa
Monstera,Monstera deliciosa,365-730,Central/South America
Moonflower,Ipomoea alba,60-90,Tropical Americas
Moonseed,Menispermum canadense,90-120,North America
Moringa,Moringa oleifera,365-730,India
Morning Glory,Ipomoea purpurea,60-90,Tropical/Subtropical Americas
Mosquito Fern,Azolla filiculoides,30-60,Americas
Moth Bean,Vigna aconitifolia,60-80,India/Pakistan
Motherwort,Leonurus cardiaca,60-90,Asia/Europe
Mountain Ash,Sorbus americana,1825-3650,Europe/Asia/North America
Mountain Laurel,Kalmia latifolia,365-730,Eastern United States
Mugwort,Artemisia vulgaris,60-90,Europe/Asia/North Africa
Muhly Grass,Muhlenbergia spp.,365-730,North America
Mulberry,Morus alba,730-1095,Asia/Africa/North America
Mullein,Verbascum thapsus,60-120,Europe/Asia/North Africa
Mung Bean,Vigna radiata,60-70,India
Mustard Greens,Brassica juncea,30-40,Europe/Asia
Mustard Seed,Brassica nigra,365-730,Europe/South Asia
Nandina,Nandina domestica,365-730,East Asia
Napa Cabbage,Brassica rapa subsp. pekinensis,60-80,China
Narcissus,Narcissus pseudonarcissus,90-120,Europe/North Africa/Asia
Nasturtium,Tropaeolum majus,50-60,South America
Nerve Plant,Fittonia albivenis,60-90,Peru
New Jersey Tea,Ceanothus americanus,60-120,Eastern North America
New York Aster,Symphyotrichum novi-belgii,60-90,Eastern North America
New Zealand Spinach,Tetragonia tetragonioides,50-60,New Zealand/Australia
Nigella,Nigella sativa,90-120,Southwest Asia
Ninebark,Physocarpus opulifolius,365-730,North America
Nopal (Cactus Pad),Opuntia spp.,365-730,Mexico
Norfolk Island Pine,Araucaria heterophylla,1825-3650,Norfolk Island
Northern Bayberry,Myrica pensylvanica,365-730,North America
Northern Red Oak,Quercus rubra,1825-3650,North America
Northern Sea Oats,Chasmanthium latifolium,90-120,North America
Northern Wild Monkshood,Aconitum noveboracense,60-90,Northeastern United States
Nutmeg,Myristica fragrans,1825-2190,Maluku Islands (Indonesia)
Oak,Quercus spp.,1825-3650,Northern Hemisphere (various)
Obedient Plant,Physostegia virginiana,60-90,Eastern North America
Oca,Oxalis tuberosa,150-180,Andes/South America
Oconee Bells,Shortia galacifolia,60-90,South Carolina
Ohio Buckeye,Aesculus glabra,1825-3650,Midwestern United States
Okari Nut,Terminalia kaernbachii,1460-2190,New Guinea
Okra,Abelmoschus esculentus,50-65,Africa/South Asia
Old Man Cactus,Cephalocereus senilis,1825-3650,Mexico
Oleander,Nerium oleander,365-730,Mediterranean
Olive,Olea europaea,1460-2190,Mediterranean
Onion,Allium cepa,90-120,Central Asia
Oregano,Origanum vulgare,60-90,Europe/Mediterranean
Ornamental Pepper,Capsicum annuum,60-90,Central/South America
Overcup Oak,Quercus lyrata,1825-3650,Southeastern United States
Oxalis,Oxalis spp.,60-90,South Africa/South America
Pak Choi,Brassica rapa subsp. chinensis,45-60,China
Palmer’s Grapplinghook,Harpagonella palmeri,60-90,California
Panda Plant,Kalanchoe tomentosa,180-365,Madagascar
Pansy,Viola tricolor var. hortensis,60-90,Europe/Western Asia
Paprika,Capsicum annuum,60-120,Central/South America
Papyrus,Cyperus papyrus,365-730,Africa
Parrot Pitcher Plant,Sarracenia psittacina,730-1460,Southeastern United States
Parrot’s Feather,Myriophyllum aquaticum,60-90,South America
Parsley,Petroselinum crispum,70-90,Central Mediterranean
Parsnip,Pastinaca sativa,95-120,Eurasia
Pasque Flower,Pulsatilla vulgaris,90-120,Europe/Asia/North America
Passionflower,Passiflora incarnata,365-730,Americas
Passionfruit,Passiflora edulis,365-730,South America
Pawpaw,Asimina triloba,1825-2920,Eastern North America
Pea Shoots,Pisum sativum,30-40,Europe/Asia
Peace Lily,Spathiphyllum wallisii,180-365,Central & South America
Peach,Prunus persica,730-1095,China
Peanut,Arachis hypogaea,120-150,South America
Peanut Cactus,Echinopsis chamaecereus,365-730,Argentina
Pear,Pyrus communis,1460-2190,Europe/Asia
Pecan,Carya illinoinensis,1825-3650,Central/Southern USA
Pecan (Native),Carya illinoinensis,1825-3650,Southern United States
Pennyroyal,Mentha pulegium,60-90,Europe/North Africa
Peony,Paeonia lactiflora,730-1095,Europe/Asia/North America
Peperomia,Peperomia obtusifolia,90-180,Central/South America
Perilla,Perilla frutescens,60-90,East Asia
Periwinkle,Vinca minor,60-90,Europe/Africa/Asia
Persimmon,Diospyros kaki,1825-2920,East Asia/North America
Petunia,Petunia × atkinsiana,60-80,South America
Philodendron,Philodendron spp.,180-365,Central/South America
Phlox,Phlox paniculata,60-90,North America
Pickerel Rush,Pontederia cordata,90-120,North America
Pickerelweed,Pontederia cordata,90-120,Americas
Pignut Hickory,Carya glabra,1825-3650,Eastern United States
Pili Nut,Canarium ovatum,1460-2190,Philippines
Pincushion Cactus,Mammillaria spp.,365-730,Southwestern US/Mexico
Pine,Pinus spp.,1825-3650,Northern Hemisphere (various)
Pine Nut (Single-leaf),Pinus monophylla,1460-2190,Western US
Pineapple Sage,Salvia elegans,90-120,Mexico/Guatemala
Pink Ginger,Alpinia purpurata,365-730,Southeast Asia
Pink Peppercorn,Schinus molle,1095-1460,South America
Pinto Bean,Phaseolus vulgaris,80-100,Mexico
Pistachio,Pistacia vera,1460-2190,West Asia
Pitcher Plant,Sarracenia spp.,730-1460,"Americas, Asia"
Pitcher’s Thistle,Cirsium pitcheri,60-90,Great Lakes Region
Plum,Prunus domestica,730-1095,Europe/Asia
Plymouth Gentian,Sabatia kennedyana,60-90,Massachusetts
Poison Hemlock,Conium maculatum,60-90,Europe/North Africa/Asia
Pokeweed,Phytolacca americana,60-90,Eastern North America
Polka Dot Plant,Hypoestes phyllostachya,60-90,Madagascar
Pomegranate,Punica granatum,730-1095,Iran/North India
Pondweed,Potamogeton spp.,60-90,Worldwide (aquatic)
Ponytail Palm,Beaucarnea recurvata,1095-1460,Eastern Mexico
Poppy,Papaver somniferum,60-90,Eurasia
Poppy Seed,Papaver somniferum,90-120,Eurasia
Portuguese Sundew,Drosophyllum lusitanicum,365-730,Portugal/North Africa
Portulaca,Portulaca grandiflora,50-60,South America
Post Oak,Quercus stellata,1825-3650,Eastern United States
Potato,Solanum tuberosum,80-100,South America
Potato Onion,Allium cepa var. aggregatum,90-120,Central Asia
Pothos,Epipremnum aureum,180-365,Solomon Islands
Prairie Blazing Star,Liatris pycnostachya,365-730,Central United States
Prairie Dropseed,Sporobolus heterolepis,365-730,Central North America
Prairie Smoke,Geum triflorum,60-120,North America
Prairie Turnip,Pediomelum esculentum,90-120,Central North America
Prayer Plant,Maranta leuconeura,90-120,Brazil
Prickly Pear,Opuntia ficus-indica,365-730,Americas
Primrose,Primula vulgaris,60-120,Europe/Asia/North America
Privet,Ligustrum vulgare,365-730,Europe/Asia/North Africa
Pulasan,Nephelium ramboutan-ake,1095-1460,Southeast Asia
Pulmonaria,Pulmonaria officinalis,60-90,Europe/Asia
Pumpkin,Cucurbita pepo,80-120,Central/North America
Purple Carrot,Daucus carota,60-80,Central Asia
Purple Coneflower,Echinacea purpurea,365-730,Central/Eastern North America
Purple Moor Grass,Molinia caerulea,365-730,Europe/Asia
Purple Pitcher Plant,Sarracenia purpurea,730-1460,North America (Canada & NE USA)
Purple Prairie Clover,Dalea purpurea,60-90,Central North America
Purple Yam,Dioscorea alata,180-210,Asia
Purslane,Portulaca oleracea,50-60,Europe/Asia
Queen of the Night,Epiphyllum oxypetalum,1825-3650,Central America
Queensland Nut (Bopple Nut),Macadamia integrifolia,1460-2190,Eastern Australia
Quince,Cydonia oblonga,730-1095,West Asia
Radicchio,Cichorium intybus,80-100,Italy
Radish,Raphanus sativus,25-40,Europe/Asia
Rainbow Plant,Byblis liniflora,365-730,Australia
Rambutan,Nephelium lappaceum,1095-1460,Southeast Asia
Ramps,Allium tricoccum,60-90,North America
Raspberry,Rubus idaeus,365-730,Europe/Asia/North America
Red Beet,Beta vulgaris,55-70,Europe/Western Asia
Red Chokeberry,Aronia arbutifolia,730-1460,Eastern North America
Red Maple,Acer rubrum,1825-3650,Eastern North America
Red Mulberry,Morus rubra,730-1095,Eastern North America
Red Pine,Pinus resinosa,1825-3650,Northeastern North America
Red Twig Dogwood,Cornus sericea,730-1460,North America
Redbud,Cercis canadensis,1460-2190,North America/Asia
Reed Canary Grass,Phalaris arundinacea,365-730,Northern Hemisphere
Rhododendron,Rhododendron spp.,365-730,Asia/Europe/North America
Rhubarb,Rheum rhabarbarum,365-730,Asia
River Birch,Betula nigra,1825-3650,Eastern United States
River Oats,Chasmanthium latifolium,90-120,North America
Roman Chamomile,Chamaemelum nobile,60-90,Europe
Romanesco,Brassica oleracea var. botrytis,90-100,Italy
Roridula,Roridula gorgonias,730-1460,South Africa
Rosary Pea,Abrus precatorius,60-90,India
Rose,Rosa chinensis,365-730,Asia/Europe/North America
Rosemary,Rosmarinus officinalis,90-120,Mediterranean
Rothrock’s Townsend Daisy,Townsendia rothrockii,60-90,Arizona
Rough-leaved Loosestrife,Lysimachia asperulifolia,60-90,Eastern United States
Rubber Plant,Ficus elastica,365-730,South Asia
Rue,Ruta graveolens,60-90,Southern Europe
Running Buffalo Clover,Trifolium stoloniferum,60-90,Central/Eastern United States
Russian Sage,Perovskia atriplicifolia,60-90,Central Asia
Rutabaga,Brassica napus napobrassica,80-100,Scandinavia/Russia
Rutabaga,Brassica napus var. napobrassica,80-100,Scandinavia/Russia
Saffron,Crocus sativus,180-210,Southwest Asia
Sage,Salvia officinalis,60-90,Mediterranean
Sago Palm,Cycas revoluta,1825-3650,Japan/Southeast Asia
Saguaro,Carnegiea gigantea,7300-14600,Sonoran Desert (US/Mexico)
Salmonberry,Rubus spectabilis,365-730,North America
Salsify,Tragopogon porrifolius,120-150,Europe
Salvia,Salvia splendens,60-90,Americas/Eurasia
Salvinia,Salvinia natans,30-60,South America/Africa
San Clemente Island Lotus,Acmispon dendroideus var. traskiae,60-90,California
San Diego Thornmint,Acanthomintha ilicifolia,60-90,California
San Francisco Lessingia,Lessingia germanorum,60-90,California
Santa Cruz Tarplant,Holocarpha macradenia,60-90,California
Santa Monica Mountains Dudleya,Dudleya cymosa subsp. ovatifolia,60-90,California
Santa Rosa Island Manzanita,Arctostaphylos confertiflora,60-90,California
Santol,Sandoricum koetjape,1460-2190,Southeast Asia
Sapodilla,Manilkara zapota,1460-2190,Central America
Sassafras,Sassafras albidum,1825-3650,Eastern North America/Asia
Savory (Summer),Satureja hortensis,50-60,Southern Europe
Scarlet Runner Bean,Phaseolus coccineus,70-90,Central America
Schefflera,Schefflera arboricola,730-1460,Taiwan/New Guinea
Scorzonera,Scorzonera hispanica,120-150,Southern Europe
Scotch Broom,Cytisus scoparius,60-90,Europe
Sedum,Sedum acre,60-90,Northern Hemisphere (various)
Sedum morganianum,Sedum morganianum,365,Mexico/Honduras
Senecio mandraliscae,Senecio mandraliscae,180-365,South Africa
Senecio rowleyanus,Senecio rowleyanus,180-365,Southwest Africa
Sentry Palm,Howea forsteriana,1460-2190,Lord Howe Island
Serviceberry,Amelanchier canadensis,365-730,North America
Shagbark Hickory,Carya ovata,1825-3650,Eastern North America
Shallot,Allium cepa var. aggregatum,90-120,Central/Southwest Asia
Shasta Daisy,Leucanthemum × superbum,60-90,Hybrid/Europe
Shasta Snow-wreath,Neviusia cliftonii,60-90,California
Shellbark Hickory,Carya laciniosa,1825-3650,Eastern North America
Shooting Star,Dodecatheon meadia,60-90,North America
Short-leaved Pinebarren Milkwort,Polygala lewtonii,60-90,New Jersey
Short's Bladderpod,Physaria globosa,60-90,United States (Midwest)
Showy Goldenrod,Solidago speciosa,60-90,North America
Shumard Oak,Quercus shumardii,1825-3650,Central/Eastern United States
Sichuan Pepper,Zanthoxylum piperitum,1095-1460,China
Silver Grass,Miscanthus sinensis,365-730,East Asia
Skirret,Sium sisarum,120-150,Europe/Asia
Slippery Elm,Ulmus rubra,1825-3650,Eastern North America
Small Whorled Pogonia,Isotria medeoloides,60-90,Eastern United States
Snake Gourd,Trichosanthes cucumerina,60-90,South Asia
Snake Plant,Sansevieria trifasciata,180-365,West Africa
Snakeroot,Asarum canadense,60-90,Eastern North America
Snap Pea,Pisum sativum var. macrocarpon,60-70,Southwest Asia
Snapdragon,Antirrhinum majus,90-120,Europe/North Africa
Sneed’s Pincushion Cactus,Coryphantha sneedii var. sneedii,60-90,Tennessee
Sneezeweed,Helenium autumnale,60-90,North America
Snow Pea,Pisum sativum var. macrocarpon,60-70,Asia
Snowberry,Symphoricarpos albus,365-730,North America/Eurasia
Soaproot,Chlorogalum pomeridianum,90-120,Western North America
Solidago shortii,Solidago shortii,60-90,Kentucky
Solomon’s Seal,Polygonatum biflorum,365-730,Europe/Asia/North America
Sorrel,Rumex acetosa,40-60,Europe/Asia
Soursop,Annona muricata,730-1095,Caribbean/Central America
Soybean,Glycine max,80-100,East Asia
Spaghetti Squash,Cucurbita pepo,60-90,Central/North America
Spalding’s Catchfly,Silene spaldingii,60-90,Pacific Northwest
Spanish Moss,Tillandsia usneoides,365-730,Southeastern US/Central & South America
Spicebush,Lindera benzoin,365-730,Eastern North America
Spider Flower,Cleome hassleriana,60-90,South America
Spider Plant,Chlorophytum comosum,60-90,South Africa
Spiderwort,Tradescantia virginiana,60-90,Americas
Spinach,Spinacia oleracea,40-50,Asia
Spirea,Spiraea japonica,365-730,Northern Hemisphere (various)
Split-Leaf Philodendron,Monstera deliciosa,180-365,Central America
Spoon-leaved Sundew,Drosera intermedia,365-730,Europe
Spring Creek Bladderpod,Lesquerella perforata,60-90,Arkansas
Spruce,Picea abies,1825-3650,Northern Hemisphere (various)
Spurge,Euphorbia spp.,60-120,Worldwide (various)
St. Francis’ Satyr,Neonympha mitchellii francisci,60-90,North Carolina
St. John's Wort,Hypericum perforatum,60-90,Europe/Asia
Staghorn Fern,Platycerium bifurcatum,180-365,Australia/Southeast Asia/Africa
Stapelia gigantea,Stapelia gigantea,365-730,Southern Africa
Star Anise,Illicium verum,1095-1460,China/Vietnam
Star of Bethlehem,Ornithogalum umbellatum,90-120,Europe/Asia/Africa
Starfruit,Averrhoa carambola,730-1095,Southeast Asia
Stebbins’ Morning-glory,Calystegia stebbinsii,60-90,California
Stevia,Stevia rebaudiana,70-90,South America
Stiff Goldenrod,Oligoneuron rigidum,60-90,North America
Stinging Nettle,Urtica dioica,60-90,Europe/Asia/Africa/North America
Stock,Matthiola incana,50-60,Europe
Stone Pine,Pinus pinea,1460-2190,Mediterranean
Strawberry,Fragaria × ananassa,90-120,Worldwide (hybrid origin)
String of Bananas,Senecio radicans,180-365,Southwest Africa
String of Hearts,Ceropegia woodii,180-365,South Africa/Zimbabwe
String of Pearls,Senecio rowleyanus,180-365,Southwest Africa
Sugar Apple,Annona squamosa,730-1095,Caribbean/Central America
Sugar Beet,Beta vulgaris,55-70,Europe/Western Asia
Sugar Maple,Acer saccharum,1825-3650,Eastern North America
Sugar Root,Oenanthe pimpinelloides,90-120,Europe/Asia
Sugar Snap Pea,Pisum sativum var. macrocarpon,60-70,Southwest Asia
Sugarberry,Celtis laevigata,1825-3650,Southeastern United States
Sugarcane,Saccharum officinarum,365-730,South Asia
Sumac,Rhus typhina,365-730,North America/Africa/Eurasia
Sumac,Rhus coriaria,90-120,Mediterranean/Middle East
Summer Savory,Satureja hortensis,50-60,Southern Europe
Summersweet,Clethra alnifolia,365-730,North America
Sunchoke,Helianthus tuberosus,120-150,North America
Sunchoke (Jerusalem Artichoke),Helianthus tuberosus,120-150,North America
Sundew,Drosera rotundifolia,365-730,Worldwide (several genera)
Sunflower,Helianthus annuus,70-100,North America
Surinam Cherry,Eugenia uniflora,365-730,South America
Swamp Milkweed,Asclepias incarnata,365,North America
Swamp Rose,Rosa palustris,365-730,North America
Swamp White Oak,Quercus bicolor,1825-3650,North America
Swede,Brassica napus napobrassica,80-100,Scandinavia/Russia
Sweet Alyssum,Lobularia maritima,40-60,Mediterranean
Sweet Autumn Clematis,Clematis terniflora,365-730,Asia
Sweet Bay,Laurus nobilis,1095-1460,Mediterranean
Sweet Cicely,Myrrhis odorata,90-120,Europe/Asia
Sweet Corn,Zea mays,60-100,Central America
Sweet Flag,Acorus calamus,90-120,Europe/Asia/North America
Sweet Pea,Lathyrus odoratus,60-90,Mediterranean
Sweet Potato,Ipomoea batatas,90-120,Central/South America
Sweet Rocket,Hesperis matronalis,60-90,Europe
Sweet Violet,Viola odorata,60-90,Europe/Asia
Sweet William,Dianthus barbatus,90-120,Southern Europe
Sweet Woodruff,Galium odoratum,60-90,Europe/Asia
Sweetbay Magnolia,Magnolia virginiana,1825-3650,Southeastern United States
Sweetgum,Liquidambar styraciflua,1825-3650,Eastern North America
Sweetshrub,Calycanthus floridus,365-730,North America
Sweetspire,Itea virginica,365-730,Southeastern North America
Swiss Chard,Beta vulgaris subsp. cicla,50-60,Mediterranean
Swiss Cheese Plant,Monstera deliciosa,180-365,Central America
Switchgrass,Panicum virgatum,365-730,North America
Sycamore,Platanus occidentalis,1825-3650,Europe/Asia/North America
Syngonium,Syngonium podophyllum,120-180,Central/South America
Szechuan Leaf (Toothache Plant),Acmella oleracea,60-90,South America
Szechuan Lovage,Levisticum officinale,90-120,China
Szechuan Pepper,Zanthoxylum piperitum,1095-1460,China
Tabasco Pepper,Capsicum frutescens,60-120,Central America
Tamarack,Larix laricina,1825-3650,Northern North America
Tamarillo,Solanum betaceum,365-730,South America
Tamarind,Tamarindus indica,1460-2190,Africa
Tannia,Xanthosoma sagittifolium,210-240,South America
Tape Grass,Vallisneria spiralis,30-60,Worldwide (aquatic)
Taro,Colocasia esculenta,180-210,South Asia
Tarragon,Artemisia dracunculus,60-90,Eurasia
Tat Soi,Brassica rapa subsp. narinosa,30-45,East Asia
Tatsoi,Brassica rapa subsp. narinosa,30-45,East Asia
Tennessee Coneflower,Echinacea tennesseensis,60-90,Tennessee
Tennessee Yellow-eyed Grass,Xyris tennesseensis,60-90,Tennessee
Texas Ayenia,Ayenia limitaris,60-90,Texas
Texas Poppy-mallow,Callirhoe scabriuscula,60-90,Texas
Texas Wild Rice,Zizania texana,120-150,Texas
Tharp’s Blue Star,Amsonia tharpii,60-90,Texas
Thimbleberry,Rubus parviflorus,365-730,North America
Three Birds Orchid,Triphora trianthophoros,60-90,Eastern United States
Thyme,Thymus vulgaris,60-90,Mediterranean
Tickseed,Coreopsis tinctoria,70-100,North & South America
Tiger Nut,Cyperus esculentus,120-150,Mediterranean/Africa
Tillandsia,Tillandsia spp.,60-90,Americas
Toad Lily,Tricyrtis hirta,90-120,Asia
Tomatillo,Physalis philadelphica,60-80,Central America
Tomato,Solanum lycopersicum,60-85,South America
Tomato (wild),Solanum pimpinellifolium,60-85,South America
Toothcup,Rotala ramosior,60-90,Eastern United States
Torrey’s Crag Lily,Hesperocallis undulata,60-90,California
Trillium,Trillium grandiflorum,730-1095,North America/Asia
Tropical Almond,Terminalia catappa,1460-2190,Tropical Asia/Africa/Americas
Tropical Pitcher Plant,Nepenthes spp.,730-1460,Southeast Asia
Trumpet Pitcher,Sarracenia minor,730-1460,Southeastern United States
Trumpet Vine,Campsis radicans,365-730,Southeastern North America
Tulip,Tulipa spp.,90-120,Central Asia
Tulip Poplar,Liriodendron tulipifera,1825-3650,Eastern North America
Tulip Tree,Liriodendron tulipifera,1825-3650,Eastern North America
Turmeric,Curcuma longa,365-730,South Asia
Turnip,Brassica rapa subsp. rapa,30-60,Eurasia
Turnip Greens,Brassica rapa subsp. rapa,30-60,Europe/Asia
Tzimbalo,Solanum caripense,60-90,South America
Ulluco,Ullucus tuberosus,150-180,Andes/South America
Umbrella Plant,Schefflera arboricola,365-730,Africa/Madagascar
Umbrella Tree,Schefflera actinophylla,365-730,Australia/New Guinea
Valerian,Valeriana officinalis,90-120,Europe/Asia
Vallisneria,Vallisneria spiralis,30-60,Worldwide (aquatic)
Vanilla,Vanilla planifolia,1095-1460,Mesoamerica
Venus Flytrap,Dionaea muscipula,1095-1460,Coastal North & South Carolina (USA)
Verbena,Verbena officinalis,60-90,Americas/Europe/Asia
Viburnum,Viburnum opulus,90-120,Northern Hemisphere (various)
Vietnamese Coriander,Persicaria odorata,60-90,Southeast Asia
Violet,Viola spp.,60-90,Northern Hemisphere (various)
Virginia Bluebells,Mertensia virginica,60-90,Eastern North America
Virginia Creeper,Parthenocissus quinquefolia,365-730,Eastern North America
Virginia Round-leaf Birch,Betula uber,60-90,Virginia
Virginia Sneezeweed,Helenium virginicum,60-90,Eastern United States
Virginia Spiraea,Spiraea virginiana,60-90,Virginia
Virginia Wild Rye,Elymus virginicus,90-120,North America
Wallflower,Erysimum cheiri,60-90,Europe/Asia
Walnut,Juglans regia,1825-3650,Eurasia/North America
Wasabi,Eutrema japonicum,365-730,Japan
Water Celery,Oenanthe javanica,60-90,Asia
Water Chestnut,Eleocharis dulcis,90-120,Asia/Africa/Oceania
Water Clover,Marsilea quadrifolia,60-90,Worldwide (various)
Water Fern,Salvinia natans,30-60,South America/Africa
Water Forget-me-not,Myosotis scorpioides,60-90,Europe/Asia
Water Hawthorn,Aponogeton distachyos,60-90,South Africa
Water Hemlock,Cicuta maculata,60-90,North America/Europe/Asia
Water Hyacinth,Eichhornia crassipes,60-90,Amazon Basin
Water Lettuce,Pistia stratiotes,60-90,Pan-tropical (Africa/Asia)
Water Lily,Nymphaea spp.,60-120,Worldwide
Water Milfoil,Myriophyllum spicatum,30-60,Worldwide (various)
Water Mint,Mentha aquatica,60-90,Europe/Asia
Water Pepper,Persicaria hydropiper,60-90,Europe/Asia
Water Plantain,Alisma plantago-aquatica,60-90,Northern Hemisphere (various)
Water Purslane,Ludwigia palustris,60-90,Worldwide (various)
Water Shield,Brasenia schreberi,60-90,Asia/North America
Water Smartweed,Persicaria amphibia,60-90,North America
Water Soldier,Stratiotes aloides,90-120,Europe/Asia
Water Stargrass,Heteranthera dubia,60-90,Americas
Water Yam,Dioscorea alata,210-270,Africa/Asia
Watercress,Nasturtium officinale,40-60,Europe/Asia
Watermelon,Citrullus lanatus,70-90,West Africa
Waterwheel Plant,Aldrovanda vesiculosa,90-120,Europe/Africa/Asia/Australia
Weeping Fig,Ficus benjamina,365-730,Asia/Australia
Weigela,Weigela florida,365-730,East Asia
Western Lily,Lilium occidentale,60-90,California
Western Prairie Fringed Orchid,Platanthera praeclara,365-730,Central United States
Western Redcedar,Thuja plicata,1825-3650,Pacific Northwest North America
White Ash,Fraxinus americana,1825-3650,Eastern North America
White Baneberry,Actaea pachypoda,365,North America
White Birch,Betula papyrifera,1825-3650,Northern Hemisphere
White Fringeless Orchid,Platanthera integrilabia,60-90,Southeastern United States
White Oak,Quercus alba,1825-3650,Eastern North America
White Pepper,Piper nigrum,1095-1460,India/Southeast Asia
White Prairie Clover,Dalea candida,60-90,Central United States
White Sapote,Casimirola edulis,730-1095,Central America
White Snakeroot,Ageratina altissima,90-120,North America
White Wakerobin,Trillium simile,60-90,United States (Eastern)
White-haired Goldenrod,Solidago albopilosa,60-90,Kentucky
White-Top Pitcher Plant,Sarracenia leucophylla,730-1460,Southeastern United States
Wiggins' Acacia,Acacia greggii var. wigginsii,60-90,California
Wild Bergamot,Monarda fistulosa,70-110,North America
Wild Blue Phlox,Phlox divaricata,60-90,North America
Wild Calla,Calla palustris,90-120,Northern Hemisphere (various)
Wild Carrot,Daucus carota,60-80,Europe/Asia
Wild Columbine,Aquilegia canadensis,60-90,North America
Wild Garlic,Allium vineale,60-90,Europe/Asia
Wild Geranium,Geranium maculatum,60-90,North America
Wild Ginger,Asarum canadense,60-120,North America
Wild Indigo,Baptisia australis,60-120,North America
Wild Leek,Allium tricoccum,60-90,North America
Wild Lupine,Lupinus perennis,60-90,North America
Wild Rice,Zizania aquatica,120-150,North America/Asia
Wild Senna,Senna hebecarpa,60-120,North America
Wild Yam,Dioscorea villosa,210-270,North America/Asia
Willamette Daisy,Erigeron decumbens var. decumbens,60-90,Oregon
Windmill Palm,Trachycarpus fortunei,1825-2920,China
Winged Bean,Psophocarpus tetragonolobus,60-90,New Guinea/Southeast Asia
Winter Savory,Satureja montana,50-60,Southern Europe
Winterberry,Ilex verticillata,365-730,Eastern North America
Wisteria,Wisteria sinensis,365-730,Asia/North America
Witch Hazel,Hamamelis virginiana,365-730,North America/Asia
Wood Apple,Limonia acidissima,1460-2190,India/Southeast Asia
Wood Avens,Geum urbanum,60-90,Europe/Asia/North America
Yacon,Smallanthus sonchifolius,180-210,South America
Yacón,Smallanthus sonchifolius,180-210,South America
Yadkin River Goldenrod,Solidago plumosa,60-90,North Carolina
Yam,Dioscorea alata,210-270,Africa/Asia
Yam Bean,Pachyrhizus erosus,90-120,Central America
Yam Daisy,Microseris lanceolata,90-120,Australia
Yampah,Perideridia americana,90-120,North America
Yardlong Bean,Vigna unguiculata subsp. sesquipedalis,60-90,South Asia/China
Yarrow,Achillea millefolium,60-90,Europe/Asia/North America
Yautia,Xanthosoma sagittifolium,180-240,South America
Yautía blanca,Xanthosoma sagittifolium,180-240,South America
Yellow Birch,Betula alleghaniensis,1825-3650,Northeastern North America
Yellow Flag Iris,Iris pseudacorus,365,Europe/Western Asia/North Africa
Yellow Jessamine,Gelsemium sempervirens,90-120,Southeastern United States
Yellow Pitcher Plant,Sarracenia flava,730-1460,Southeastern United States
Yellow Yam,Dioscorea cayenensis,210-270,Africa/Asia
Yellowhorn,Xanthoceras sorbifolium,1095-1460,Northern China
Yew,Taxus baccata,1825-3650,Europe/Asia/North America
Yosemite Woolly Sunflower,Eriophyllum lanatum var. hallii,60-90,California
Yuca (Cassava),Manihot esculenta,210-270,South America
Yucca,Yucca filamentosa,365-730,Americas/Caribbean
Zantedeschia,Zantedeschia aethiopica,90-120,Africa
Zebra Haworthia,Haworthia fasciata,180-365,South Africa
Zinnia,Zinnia elegans,60-75,Mexico/Southwestern US
Zoysia Grass,Zoysia spp.,365-730,East Asia
Zucchini,Cucurbita pepo,45-60,Central America
ZZ Plant,Zamioculcas zamiifolia,180-365,Eastern Africa